ticker_yahoo,skal,datum,kalla
LIAB.ST,HELD,2026-08-22,Lindab International. Held position; see the watchlist for its figures.
SAP.DE,WATCH-PRICED,2026-08-26,"SAP SE. Sold in full 2026-08-26 under FRAMEWORK-EDITS C4 as amended by E42 (C4 has no horizon: above FV_bull the position is sold at the next session). Now WATCH-PRICED per E27 with the E28 re-entry line computed by vss run from its linked run record; see the watchlist. Excluded here because section 5 has already priced the name and the screener must not propose it again."
MSFT,DROPPED,2026-08-22,Microsoft. Exited 2026-08-21 under FRAMEWORK-EDITS C4; see the watchlist.
HNSA.ST,DROPPED,2026-08-22,"Hansa Biopharma. Position sold 2026-08-22; never analysed, outside framework scope."
ULVR.L,SELLING,2026-08-22,"Unilever, London line -- the listing the STOXX universe carries. The position is the Amsterdam line UNA.AS, held with a sell order placed 2026-08-22 under FRAMEWORK-EDITS C4 (see the watchlist); no ISIN links the two lines, so the London one is excluded by name here. The UNA.AS row this file carried until 2026-08-26 matched nothing in any universe file and was inert (SCREENER-REVIEW-3 Part 13); it was replaced by this row rather than left to read as active."
UHS,E7,2026-08-23,"Universal Health Services. FRAMEWORK-EDITS E7: the quality leg overstates any company that draws its cost-of-revenue line above its own production wages, which is a property of the metric and not of one run. UHS reports supplies as cost of revenue and labour below the gross-profit line; the figures are in E7. Remove this row deliberately to review the name anyway."
ROCK-B.CO,E8-REVIEW,2026-08-23,"ROCKWOOL. REVIEW WHEN THE FY2026 ACCOUNTS ARRIVE -- unlike the E7 row this one has an expiry. ROCKWOOL presents no Total Operating Income As Reported, so FRAMEWORK-EDITS E8 falls to Operating Income, which for FY2025 is stated before the value adjustment of the Russian business while EBIT is stated after it; the name rose 96 places on that difference alone. This is a fact about one reporting year and not about the metric, so when FY2025 leaves the accounts the two lines may agree again and this exclusion become wrong. Figures in E8."
LULU,DROPPED,2026-08-23,"Lululemon Athletica. Dropped after the FRAMEWORK section 5 chain was run by hand on 2026-08-23; evidence in lulu-scoring-evidence.md. Gross-margin band breached in four of eight quarters with no Class C event disclosed, margin down five consecutive quarters, and Method A rests on a multiple from a growth rate the company has abandoned. A dated decision, of the same standing kind as the E7 row: it holds until deliberately removed."
DECK,WATCH-REVIEW,2026-08-24,"Deckers Brands. REVIEW WHEN a dated event explains the decline, or when a quarter breaks the pattern -- unlike the E7 rows this one has an expiry and is not a standing exclusion. Moved to WATCH on 2026-08-24: Gate 1 level limb passes, the catalyst limb does not; the one dated catalyst was fully recovered and what remains is an unattributable drift. The company is not rejected. Re-entry is on an event, never on a price level. Verdict and figures in the watchlist note and in deck-scoring-evidence.md."
JD.L,DROPPED,2026-08-24,"JD Sports Fashion. Dropped on the FRAMEWORK section one point two hard stop after the section five chain was run by hand on 2026-08-24; evidence in jd-l-scoring-evidence.md. The newest income statement is seven months old and the publication that moved the price contains none, so the company cannot be valued on fresh earnings data and therefore cannot be bought. A standing decision of the same kind as the E7 and LULU rows: it holds until deliberately removed. Figures in the watchlist note."
PNDORA.CO,WATCH-REVIEW,2026-08-25,"Pandora A/S. REVIEW WHEN a named information event puts the price back in the band -- like the DECK row this one has an EXPIRY and is not a standing exclusion. Moved to WATCH on 2026-08-25: Gate 1's level limb passed at entry, frozen under FRAMEWORK-EDITS E12, and the catalyst limb does not pass. The dated catalyst is the preliminary FY2025 announcement of 2026-01-09, company announcement 995 -- organic growth below the guided range -- and NOT the 2026-02-04 guidance cut, which the stock rose on. That decline is fully recovered and the B1 metric is negative, the price being higher than it was 180 days earlier. The company is not rejected and Gate 3 is NOT ruled: its revenue limb names no basis, reported and organic disagree, and that is open as FRAMEWORK-EDITS B20. Re-entry is on an event, never on a price level. Every figure behind this sits in config/watchlist.yaml, which is not committed."
BETS-B.ST,DROPPED,2026-08-25,"Betsson AB (publ). Dropped on 2026-08-25 after the FRAMEWORK section five chain was run by hand on a VERIFIED manual file. A STANDING exclusion of the JD.L kind, not a WATCH-REVIEW row with an expiry: it holds until deliberately removed. Gate 3 fails on the gross margin band, which fell by more than four times the limb's limit over eight quarters with the fall concentrated in the last three; the revenue limb also fails on reported EUR while organic growth reads positive, which is the open question recorded as FRAMEWORK-EDITS B20 and is NOT the reason for this verdict. The margin fall has two causes: gaming taxes following a regulated revenue share that rose by roughly a sixth of group revenue in five quarters, which is structural, and the loss of the highest-margin line, B2B licence revenue, which trade press attributes to Turkey's enforcement campaign against unregulated gambling and which no source describes as permanent or shows stabilising. The company is not financially impaired -- net cash, wide interest coverage, operating cash flow positive in every one of the last eight quarters -- and it is dropped because the thesis rests on whether that B2B loss has a floor, a question about Turkish enforcement policy the owner cannot judge better than the market. Gate 2 is satisfied: both large falls carry named dated causes, the Q4 pre-announcement of 2026-01-16 and the Q1 pre-announcement of 2026-04-09. Figures and the full reasoning in config/watchlist.yaml."
ADBE,DROPPED,2026-08-25,"Adobe Inc. DROPPED on the OWNER'S OWN JUDGMENT, before any section 5 run and outside the framework's machinery -- the other names were all read first, this one was not. NOT VERIFIED: no search was made before ruling, and no figure, date or source supports any claim below. That is a deliberate departure from FRAMEWORK section 0 rule 1 and is recorded rather than hidden. The thesis: Adobe owned creative software because professionals had no alternative; the dominance came from lock-in rather than from the products improving, and the revenue comes from raising the price of software the user can never own. Two things sharpen it -- cancellation is made deliberately hard and the fines for that are cheaper than the revenue it protects, and a company whose product is winning does not need to make leaving difficult; and no revolutionary product in five years, with Photoshop and Premiere barely changed in ten, while Firefly is incremental and is not the best AI, so their own AI cannibalises their own product without leading. Why this is not simply another Oracle: AI now lets people create without them, which is the alternative that did not exist before -- a company can coast on lock-in for decades when customers have nowhere to go. RE-ENTRY: deploying the capital into something genuinely different, as Oracle did with cloud rather than staying in its own category; buying competitors inside creative software is not that, and there is no sign of it today. Full reasoning and the falsifiers in reference/growth-views/ADBE.md."
SYNSAM.ST,DROPPED,2026-08-25,"Synsam Group AB. Dropped on 2026-08-25 after the FRAMEWORK section 5 chain was run IN FULL on a VERIFIED manual file (config/manual/SYNSAM.ST.yaml, basis TTM 2025-Q3+2025-Q4+2026-Q1+2026-Q2 ending 2026-06-30), with the growth view pre-registered in reference/growth-views/SYNSAM.ST.md before implied growth was solved, as E28 requires. A STANDING exclusion of the JD.L and BETS-B.ST kind, not a WATCH-REVIEW row with an expiry: it holds until deliberately removed. NO FIGURES APPEAR BELOW BY RULE -- an exclusion says why a name may not be proposed and a price is not a why; every figure is in config/watchlist.yaml. Struck on FCF basis two per FRAMEWORK-EDITS E33, which rules that operating lease payments are an operating cost rather than a financing item and makes that basis the default for a store-based retailer, the lease capital being deducted before the discounted cash flow runs. Fair value at the pre-registered base growth falls well below the market price, and so does the optimistic case, so C4 is met: expected return trails the index core even on the bull view. Dropped on judgement as well as on the number. The Nordic optical market is saturated and grows in the low single digits. Subscription revenue is booked upfront and the receivable factored, so cash flow growth needs rising NEW contract volume, and gross customer inflow has fallen for twenty consecutive quarters. Competitors have copied the subscription. Once a customer knows their prescription the physical store is worth less to them, and online sellers carry no lease at all. The owner does not believe the ten-year story. TWO GATE LIMBS WERE NEVER RULED and are recorded as unruled rather than as failures: interest coverage, which read below the section 3 threshold, and Gate 3 leverage, which was blocked under E26 with the issuer-stated net debt and leverage ratio standing beside a framework figure that would not form. Gate 3 free cash flow leg could not form on four quarters where it wants eight. Figures and the full reasoning in config/watchlist.yaml."
NKE,DROPPED,2026-08-25,"NIKE Inc. DROPPED CONFIRMED on 2026-08-25, replacing the 2026-08-22 row for the same name -- a ticker listed twice is a hard error in this file, so the re-read supersedes rather than joins. Re-read as a FRESH NAME after the handoff flagged that its original verdict might rest on rules E30 deleted; on checking, it did not: none of the four reasons given on 2026-08-21 was Gate 3 revenue limb or gross-margin band, and the name dropped on that band was LULU. Growth pre-registered in reference/growth-views/NKE.md BEFORE implied growth was solved, as E28 requires. Method C on fiscal 2026 puts fair value at the base rate well below the market price, and the bull case below it too, so C4 is met and expected return trails the index core even on the optimistic view; the implied growth the price carries is roughly twice the bull case. NO FIGURES APPEAR HERE BY RULE -- an exclusion says why a name may not be proposed and a price is not a why; every figure is in config/watchlist.yaml. Dropped on judgement as well: Nike is not going away but the volume does not come back. On, Hoka and Brooks went from under a tenth of the category to about a sixth; Anta passed Nike in China on a market that grew while Nike fell by roughly a third in five years; and Nike diluted its own franchises by overselling Air Force One, Air Jordan One and Dunk and is now shrinking them deliberately. PROVENANCE CAVEAT, part of the verdict: this Method C ran OUTSIDE vss manual. There is no config/manual/NKE.yaml, the inputs were read directly from SEC companyfacts for fiscal 2026 (10-K accession 0000320187-26-000088), and they carry no page reference, no VERIFIED flag and no E21 gate. The framework would not bless the run; the gap is wide enough that verification would not close it, and the caveat stands. FCF basis one was used per the GAAP judgement opened as B33: Nike reports under ASC 842 where operating lease payments already sit inside operating cash flow, so deducting them again under E33 would double count. TWO GATE LIMBS WERE NEVER RULED and are recorded as unruled rather than as failures: Gate 1, whose drawdown is measured against a peak dated to the very first day of the rolling window and ages out within the week, which is E11 exactly; and Gate 3, which could not form on any limb. Six of the eight hard-kill rules in section four point two read CANNOT EVALUATE. A STANDING exclusion of the JD.L and BETS-B.ST kind: it holds until deliberately removed. Full reasoning in config/watchlist.yaml."
CRUS,DROPPED,2026-09-08,"Cirrus Logic, Inc. DROPPED on 2026-09-08, the same day it was intaken, and BEFORE any section 5 run: no growth view was registered, no implied growth was solved and no fair value was struck. A STANDING exclusion of the BETS-B.ST and JD.L kind, not a WATCH-REVIEW row with an expiry: it holds until deliberately removed. NO FIGURES APPEAR HERE BY RULE -- an exclusion says why a name may not be proposed and a price is not a why; every figure is in config/manual/CRUS.yaml and reference/CRUS-DROP-2026-09-08.md. Dropped on the OWNER'S JUDGEMENT about his own information set, not on any gate and not on a finding against the accounts -- the store carries ZERO refusals and nothing in the filings is impaired. The thesis rests on whether Apple keeps Cirrus as a supplier and at what prices; Apple is named in the 10-K at approximately 91, 89 and 87 per cent of total net sales for fiscal 2026, 2025 and 2024, so the dependence is stated by the filer and rising. That decision is internal to Apple and the owner judges it unobservable to anyone outside it, with the further point that US patent applications publish eighteen months after filing, so the available evidence is either noise or too late. THE SAME GROUND AS THE BETS-B.ST ROW: a question the owner cannot judge better than the market. The company is expressly NOT rejected -- his words, transcribed verbatim in the reference file, are that it may be excellent and that this is the question he cannot answer. No re-entry condition was stated and none is invented. The store, the price work and the E76 briefing (reports/BRIEFING-CRUS-2026-09-08.md) are kept complete as a record for anyone who picks the name up later."
CROX,DROPPED,2026-09-08,"Crocs, Inc. DROPPED on 2026-09-08 on Gate 2 classification D, which the FRAMEWORK section four point two hard kill drives. A STANDING exclusion of the BETS-B.ST and JD.L kind, not a WATCH-REVIEW row with an expiry: it holds until deliberately removed. NO FIGURES APPEAR HERE BY RULE -- an exclusion says why a name may not be proposed and a price is not a why; every figure is in config/watchlist.yaml. HEYDUDE Brand revenue has fallen by roughly a quarter over two years and is guided down again, which the owner rules is structural deterioration rather than a quantified one-off, and the impairments are the accounting consequence of it rather than an event separate from it. The Crocs Brand growing does not offset it: the framework asks what the disconnect is, and a brand the company bought and cannot fix is not a disconnect between price and value. THE SAME GROUND AS THE BETS-B.ST ROW: a part of the business whose floor the owner cannot judge better than the market. Added here 2026-09-09 under FRAMEWORK-EDITS E114's backfill -- the verdict was written on 2026-09-08 and this file carried no row for it, so the screener could have proposed the name again as if it had never been judged."
MEKKO.HE,WATCH-REVIEW,2026-09-08,"Marimekko Oyj. REVIEW WHEN the gate's own event arrives -- like the DECK and PNDORA.CO rows this one has an EXPIRY and is not a standing exclusion. WATCH-GATED on 2026-09-08 on Gate 2 class D, which the section four point two hard kill drives; full record in reference/MEKKO.HE-GATED-2026-09-08.md and the figures in config/watchlist.yaml. The owner's ruling is that the rule holds: the argument that the margin fall is store expansion rather than deterioration is available to every company with a falling margin, which is precisely why the rule exists, and here the data does not support it either -- comparable store sales in Finland fell four quarters running and revenue fell despite 7 per cent more stores, which is the opposite of what the expansion argument predicts. The company is otherwise sound: net cash, no debt, guidance unchanged through the whole decline. That is why it is WATCH-GATED and not DROPPED. Re-entry is a DATE, not a price. Added here 2026-09-09 under FRAMEWORK-EDITS E114's backfill."
NOVO-B.CO,E51,2026-08-27,"Novo Nordisk B. FRAMEWORK-EDITS E51: pharmaceuticals and biotechnology are outside the circle of competence, because the pre-registered growth rate E28 requires would be a guess about clinical trial outcomes and regulatory approval rather than an estimate of a business. Entered PIPELINE 2026-08-27 on the 2026-08-26 ranking at rank 2 of 215 and DROPPED by that ruling the same day; the reading it was entered on is kept in config/watchlist.yaml as the record. A STANDING exclusion of the UHS kind: remove this row deliberately to review the name anyway. Added here 2026-09-09 under FRAMEWORK-EDITS E114's backfill. NOTE FOR THE OWNER: E51's OWN ticker list in config/screener_pharma_biotech.yaml does not carry this name, and that list is the limb that does not depend on the vendor having classified anything. This row excludes the name; adding it there as well is the owner's call and is not done here."
NREST.ST,E52,2026-08-27,"Nordrest Holding AB (publ). FRAMEWORK-EDITS E52: the price history reaches only to 2024-05-24, short of the five-year floor, so the name is rejected at filter 1 ON MISSING DATA -- it did not fail a limb, the limbs could not be evaluated on it. Entered PIPELINE 2026-08-27 on the 2026-08-26 ranking at rank 5 of 215 and DROPPED by that ruling the same day; the reading it was entered on is kept in config/watchlist.yaml. This row has an EXPIRY in the ROCK-B.CO sense rather than being standing: the condition is a date and it lapses once five years of price history exist, on 2029-05-24. Added here 2026-09-09 under FRAMEWORK-EDITS E114's backfill. NOTE FOR THE OWNER: E52 is applied mechanically from the stored price series at every run, so this row is belt and braces rather than the only thing holding the name out."
