ticker,verdict_date,verdict,standing,close,currency,fv_base,decided_by,source
HNSA.ST,2026-08-21,DROPPED,STANDING,41.74,SEK,,"Sold 2026-08-22 in full; never analysed, outside framework scope. EXIT -- B45 territory, and never a refusal.","config/screener_exclusions.csv datum; the watchlist note gives the same date. VERDICT RE-DATED from 2026-08-22 (Saturday) to 2026-08-21 (Friday), the last weekday on or before the day the decision was written -- E114 limit four."
LULU,2026-08-21,DROPPED,STANDING,121.07,USD,,"Gate 3's gross-margin limb: four of eight quarters outside B4's band with no Class C event, margin down five quarters running, and Method A resting on a multiple from a growth rate the company has abandoned.","config/watchlist.yaml note (DROPPED 2026-08-23); config/screener_exclusions.csv datum agrees. VERDICT RE-DATED from 2026-08-23 (Sunday) to 2026-08-21 (Friday), the last weekday on or before the day the decision was written -- E114 limit four."
MSFT,2026-08-21,DROPPED,STANDING,483.24,USD,323,Exited 2026-08-21 under C4; the exclusion row was written 2026-08-22. EXIT -- B45 measures this position from its FILL.,"config/screener_exclusions.csv datum; the watchlist note carries no DROPPED date. fv_base from the watchlist entry. VERDICT RE-DATED from 2026-08-22 (Saturday) to 2026-08-21 (Friday), the last weekday on or before the day the decision was written -- E114 limit four."
DECK,2026-08-24,WATCH-GATED,EXPIRY,92.08,USD,,"Gate 1's level limb passes and its catalyst limb does not: the one dated catalyst (-15.21% on 2025-10-24) was fully recovered by 2026-01-30 and what remains is unattributable drift. Re-entry is on an event, never on a price level.",config/watchlist.yaml note (WATCH 2026-08-24); config/screener_exclusions.csv datum agrees.
JD.L,2026-08-24,DROPPED,STANDING,85.5,GBX,,"Section 1.2 hard stop: the newest income statement is seven months old and the publication that moved the price contains none, so the company cannot be valued on fresh earnings data.",config/watchlist.yaml note (DROPPED 2026-08-24); config/screener_exclusions.csv datum agrees.
ADBE,2026-08-25,DROPPED,STANDING,273.92,USD,,"Dropped on the owner's own judgement, before any section 5 run and expressly NOT VERIFIED: the moat is lock-in rather than product, and AI is the alternative that did not exist before.",config/screener_exclusions.csv datum -- ADBE has no watchlist entry; reasoning in reference/growth-views/ADBE.md.
BETS-B.ST,2026-08-25,DROPPED,STANDING,94.3,SEK,,"Gate 3's gross-margin band fails, 65.3% to 57.2% over eight quarters against a 200bp limit; the B2B licence loss has no floor the owner can judge better than the market.",config/watchlist.yaml note (DROPPED 2026-08-25); config/screener_exclusions.csv datum agrees.
NKE,2026-08-25,DROPPED,STANDING,39.48,USD,22.15,"Method C on fiscal 2026 gives 22.15 at the pre-registered 3% base against a close of 39.41, and the 5% bull case 25.73 is still below the price, so C4 is met on the optimistic view.",config/watchlist.yaml note (DROPPED confirmed 2026-08-25); the fair value is from the same note and carries NO run record -- it is not the entry's fv_base.
PNDORA.CO,2026-08-25,WATCH-GATED,EXPIRY,821.6,DKK,,"Gate 1's catalyst leg fails: the 2026-01-09 decline is fully recovered and B1 reads -1.5568, a window holding a recovery rather than a fall. Re-entry is on a named information event.",config/watchlist.yaml note (WATCH 2026-08-25); config/screener_exclusions.csv datum agrees.
SYNSAM.ST,2026-08-25,DROPPED,STANDING,59.5,SEK,36.29,"Fair value 36.29 on FCF basis two at the pre-registered 2.5% growth against a close of 59.50, and the 5% bull 48.22 is still below it; C4 met, and the owner does not believe the ten-year story.",config/watchlist.yaml note (DROPPED 2026-08-25); the fair value is from the same note and carries NO run record -- it is not the entry's fv_base.
NOVO-B.CO,2026-08-27,DROPPED,STANDING,295.25,DKK,,"E51: pharmaceuticals and biotech are outside the circle of competence, because the pre-registered growth rate E28 requires would be a guess about drug approvals.",config/watchlist.yaml note (DROPPED 2026-08-27 under E51); no exclusion row.
NREST.ST,2026-08-27,DROPPED,EXPIRY,261,SEK,,"E52: the price history reaches only to 2024-05-24, short of the five-year floor. Rejected at filter 1 on MISSING data -- it did not fail a limb, the limbs could not be evaluated.",config/watchlist.yaml note (DROPPED 2026-08-27 under E52); no exclusion row.
UNA.AS,2026-08-28,DROPPED,STANDING,55.92,EUR,43.5,Sold in full 2026-08-24 at 54.81 EUR under C4's second application; the status became DROPPED on the 2026-08-30 booking. EXIT -- B45 measures this position from its FILL.,"config/watchlist.yaml note (status DROPPED from the 2026-08-30 booking); the exclusion CSV carries the London line ULVR.L, not this one. fv_base from the entry. VERDICT RE-DATED from 2026-08-30 (Sunday) to 2026-08-28 (Friday), the last weekday on or before the day the decision was written -- E114 limit four."
ACN,2026-09-04,INTAKE,OPEN,186.72,USD,,"E111 INTAKE: read, not watched. Store COMPLETE, struck 2026-08-30. Nothing has been decided.","config/watchlist.yaml note (E111 INTAKE, 2026-09-04)."
AOS,2026-09-04,INTAKE,OPEN,60.48,USD,,"E111 INTAKE: read, not watched. Store REFUSED on SIZE -- E70's operating-lease leg is DATA MISSING and bounded at 23,200,000, which moves fv_base 4.27% against E106's 3.5%.","config/watchlist.yaml note (E111 INTAKE, 2026-09-04)."
LII,2026-09-04,INTAKE,OPEN,390.53,USD,,"E111 INTAKE: read, not watched. Store COMPLETE, struck 2026-08-30 under E70. Nothing has been decided.","config/watchlist.yaml note (E111 INTAKE, 2026-09-04)."
LOPE,2026-09-04,INTAKE,OPEN,152.67,USD,,"E111 INTAKE: read, not watched. Store COMPLETE, and NO GROWTH VIEW IS REGISTERED, so nothing has been struck.","config/watchlist.yaml note (E111 INTAKE, 2026-09-04)."
MUSA,2026-09-04,INTAKE,OPEN,511.33,USD,,"E111 INTAKE: read, not watched. Store COMPLETE, and NO GROWTH VIEW IS REGISTERED, so nothing has been struck.","config/watchlist.yaml note (E111 INTAKE, 2026-09-04)."
RKT.L,2026-09-04,INTAKE,OPEN,5114,GBX,,"E111 INTAKE: read, not watched. Store COMPLETE, struck 2026-08-30, E105's leg read back by the owner 2026-09-04.","config/watchlist.yaml note (E111 INTAKE, 2026-09-04)."
ULTA,2026-09-04,INTAKE,OPEN,564.12,USD,,"E111 INTAKE: read, not watched. Store COMPLETE, struck 2026-08-30. Nothing has been decided.","config/watchlist.yaml note (E111 INTAKE, 2026-09-04)."
CROX,2026-09-08,DROPPED,STANDING,114.35,USD,,"Gate 2 classification D, which is a hard kill: HEYDUDE revenue -24.7% over two years and guided down again is structural deterioration, and a brand the company bought and cannot fix is not a disconnect between price and value.","config/watchlist.yaml note (DROPPED, 2026-09-08); no exclusion row."
CRUS,2026-09-08,DROPPED,STANDING,110.76,USD,,"Dropped on the owner's judgement about his own information set, before any section 5 run: Apple is ~91% of net sales by the filer's own statement and that decision is unobservable from outside. The same ground as BETS-B.ST.",config/screener_exclusions.csv datum -- CRUS has no watchlist entry; record in reference/CRUS-DROP-2026-09-08.md.
MEKKO.HE,2026-09-08,WATCH-GATED,EXPIRY,,EUR,,"Gate 2 class D on the section 4.2 hard kill: comparable Finnish store sales fell four quarters running and revenue fell on 7% MORE stores, which is the opposite of what the expansion argument predicts. Otherwise sound -- gated, not dropped.","config/watchlist.yaml note (WATCH-GATED, 2026-09-08); full record in reference/MEKKO.HE-GATED-2026-09-08.md; no exclusion row."
MUSA,2026-09-18,DROPPED,STANDING,526.09,USD,,"+142% suggests the model doesn't fit or it's nowhere near. (owner, A11; E117 value 217.03 on reference/run-records/MUSA-2026-09-19-e117.json, not on the entry)","config/watchlist.yaml note of 2026-09-19. VERDICT RE-DATED from 2026-09-19 (Saturday) to 2026-09-18 (Friday), the last weekday on or before the day the decision was written -- E114 limit four."
NHY.OL,2026-09-18,DROPPED,STANDING,86.04,NOK,,"drop under E96.1. The ruling names NHY.OL and refuses the exemption. (owner, A7)","config/watchlist.yaml note of 2026-09-19; FRAMEWORK-EDITS E96.1. VERDICT RE-DATED from 2026-09-19 (Saturday) to 2026-09-18 (Friday), the last weekday on or before the day the decision was written -- E114 limit four."
CPRT,2026-10-05,INTAKE,OPEN,,USD,25.45,"Passed by the owner on the first strike: fv_base 25.45 (bear 19.03, bull 32.66) on his own view 6/1/10, g* 7.10% at the 2026-10-02 close 27.22 -- paying above his base case, downside to bear ~-30% against upside to bull ~+20%. Stays INTAKE; Avanza price alert at 22 USD.","config/watchlist.yaml note (INTAKE pass, 2026-10-05); reference/CPRT-STRIKE-2026-10-05.md."
