ticker_yahoo,ticker_lokal,isin,namn,marknad,tier,listdatum,valuta,instrumenttyp
ASML.AS,ASML,,ASML HOLDING,Amsterdam,A,1998-07-20,EUR,Equity
HSBA.L,HSBA,,HSBC HOLDINGS PLC,London,A,1988-07-05,GBP,Equity
ROP.SW,ROP,,ROCHE PS PAR AG,Zurich,A,1995-04-03,CHF,Equity
NOVN.SW,NOVN,,NOVARTIS AG,Zurich,A,1995-04-03,CHF,Equity
SHELL.AS,SHELL,,SHELL PLC,Amsterdam,A,1991-02-12,EUR,Equity
NESN.SW,NESN,,NESTLE SA,Zurich,A,1990-01-03,CHF,Equity
AZN.L,AZN,,ASTRAZENECA PLC,London,A,1993-05-21,GBP,Equity
SIE.DE,SIE,,SIEMENS N AG,Xetra,A,1996-11-08,EUR,Equity
SAP.DE,SAP,,SAP,Xetra,A,1998-04-09,EUR,Equity
SAN.MC,SAN,,BANCO SANTANDER,Madrid,A,2000-01-03,EUR,Equity
TTE.PA,TTE,,TOTALENERGIES,Paris,A,2000-01-03,EUR,Equity
SU.PA,SU,,SCHNEIDER ELECTRIC,Paris,A,2000-01-03,EUR,Equity
ALV.DE,ALV,,ALLIANZ,Xetra,A,1996-12-16,EUR,Equity
RR.L,RR.,,ROLLS-ROYCE HOLDINGS PLC,London,A,1988-07-01,GBP,Equity
UBSG.SW,UBSG,,UBS GROUP AG,Zurich,A,1995-08-03,CHF,Equity
BBVA.MC,BBVA,,BANCO BILBAO VIZCAYA ARGENTARIA SA,Madrid,A,2000-01-03,EUR,Equity
ABBN.SW,ABBN,,ABB LTD,Zurich,A,1999-06-25,CHF,Equity
NOVO-B.CO,NOVO B,,NOVO NORDISK CLASS B,Copenhagen,A,2001-01-06,DKK,Equity
SAF.PA,SAF,,SAFRAN SA,Paris,A,2000-01-03,EUR,Equity
IBE.MC,IBE,,IBERDROLA,Madrid,A,2000-01-03,EUR,Equity
UCG.MI,UCG,,UNICREDIT,Milan,A,2000-01-03,EUR,Equity
ENR.DE,ENR,,SIEMENS ENERGY N AG,Xetra,A,2020-09-29,EUR,Equity
AIR.PA,AIR,,AIRBUS GROUP,Paris,A,2001-09-03,EUR,Equity
ULVR.L,ULVR,,UNILEVER PLC,London,A,1988-07-01,GBP,Equity
MC.PA,MC,,LVMH,Paris,A,2000-01-03,EUR,Equity
BNP.PA,BNP,,BNP PARIBAS SA,Paris,A,1993-10-18,EUR,Equity
AI.PA,AI,,LAIR LIQUIDE SOCIETE ANONYME POUR,Paris,A,2000-01-03,EUR,Equity
BP.L,BP.,,BP PLC,London,A,1988-07-01,GBP,Equity
CFR.SW,CFR,,COMPAGNIE FINANCIERE RICHEMONT SA,Zurich,A,1995-04-03,CHF,Equity
BATS.L,BATS,,BRITISH AMERICAN TOBACCO,London,A,1995-01-03,GBP,Equity
ISP.MI,ISP,,INTESA SANPAOLO,Milan,A,1995-03-24,EUR,Equity
DTE.DE,DTE,,DEUTSCHE TELEKOM N AG,Xetra,A,1996-11-18,EUR,Equity
ZURN.SW,ZURN,,ZURICH INSURANCE GROUP AG,Zurich,A,1998-10-06,CHF,Equity
RIO.L,RIO,,RIO TINTO PLC,London,A,1988-07-01,GBP,Equity
OR.PA,OR,,LOREAL SA,Paris,A,2000-01-03,EUR,Equity
GSK.L,GSK,,GLAXOSMITHKLINE,London,A,1988-07-01,GBP,Equity
SAN.PA,SAN,,SANOFI SA,Paris,A,2000-01-03,EUR,Equity
INGA.AS,INGA,,ING GROEP,Amsterdam,A,1995-03-27,EUR,Equity
BARC.L,BARC,,BARCLAYS PLC,London,A,1988-07-01,GBP,Equity
BA.L,BA.,,BAE SYSTEMS PLC,London,A,1988-07-01,GBP,Equity
CS.PA,CS,,AXA SA,Paris,A,1990-08-24,EUR,Equity
LLOY.L,LLOY,,LLOYDS BANKING GROUP PLC,London,A,1995-12-28,GBP,Equity
ENEL.MI,ENEL,,ENEL,Milan,A,1999-11-02,EUR,Equity
IFX.DE,IFX,,INFINEON TECHNOLOGIES AG,Xetra,A,2000-03-13,EUR,Equity
NG.L,NG.,,NATIONAL GRID PLC,London,A,1995-12-11,GBP,Equity
DG.PA,DG,,VINCI SA,Paris,A,2000-01-03,EUR,Equity
ABI.BR,ABI,,ANHEUSER-BUSCH INBEV SA,Brussels,A,2000-12-01,EUR,Equity
INVE-B.ST,INVE B,,INVESTOR CLASS B,Stockholm,A,2000-01-03,SEK,Equity
MUV2.DE,MUV2,,MUENCHENER RUECKVERSICHERUNGS-GESE,Xetra,A,1998-06-24,EUR,Equity
NWG.L,NWG,,NATWEST GROUP PLC,London,A,1988-07-01,GBP,Equity
GLEN.L,GLEN,,GLENCORE PLC,London,A,2011-05-19,GBP,Equity
ITX.MC,ITX,,INDUSTRIA DE DISENO TEXTIL SA,Madrid,A,2001-05-24,EUR,Equity
DBK.DE,DBK,,DEUTSCHE BANK AG,Xetra,A,1996-11-18,EUR,Equity
NDA-FI.HE,NDA FI,,NORDEA BANK,Helsinki,A,2000-01-25,EUR,Equity
GLE.PA,GLE,,SOCIETE GENERALE SA,Paris,A,2000-01-03,EUR,Equity
REL.L,REL,,RELX PLC,London,A,1988-07-01,GBP,Equity
ARGX.BR,ARGX,,ARGENX,Brussels,A,2014-07-10,EUR,Equity
RMS.PA,RMS,,HERMES INTERNATIONAL,Paris,A,2000-01-03,EUR,Equity
RHM.DE,RHM,,RHEINMETALL AG,Xetra,A,1998-08-05,EUR,Equity
DHL.DE,DHL,,DEUTSCHE POST AG,Xetra,A,2000-11-20,EUR,Equity
DB1.DE,DB1,,DEUTSCHE BOERSE AG,Xetra,A,2001-02-05,EUR,Equity
AAL.L,AAL,,ANGLO AMERICAN PLC,London,A,1999-05-24,GBP,Equity
EL.PA,EL,,ESSILORLUXOTTICA SA,Paris,A,2000-01-03,EUR,Equity
ENI.MI,ENI,,ENI,Milan,A,1995-11-29,EUR,Equity
ENGI.PA,ENGI,,ENGIE SA,Paris,A,2000-01-03,EUR,Equity
VOLV-B.ST,VOLV B,,VOLVO CLASS B,Stockholm,A,2000-01-03,SEK,Equity
LSEG.L,LSEG,,LONDON STOCK EXCHANGE GROUP PLC,London,A,2001-07-20,GBP,Equity
PRX.AS,PRX,,PROSUS NV CLASS N,Amsterdam,A,2019-09-11,EUR,Equity
NOKIA.HE,NOKIA,,NOKIA,Helsinki,A,2000-01-03,EUR,Equity
BAYN.DE,BAYN,,BAYER AG,Xetra,A,1996-12-16,EUR,Equity
ATCO-A.ST,ATCO A,,ATLAS COPCO CLASS A,Stockholm,A,2000-01-03,SEK,Equity
CPG.L,CPG,,COMPASS GROUP PLC,London,A,2000-01-04,USD,Equity
G.MI,G,,ASSICURAZIONI GENERALI,Milan,A,1986-07-25,EUR,Equity
BAS.DE,BAS,,BASF N,Xetra,A,1996-12-16,EUR,Equity
STAN.L,STAN,,STANDARD CHARTERED PLC,London,A,1988-07-01,GBP,Equity
CABK.MC,CABK,,CAIXABANK SA,Madrid,A,2007-10-10,EUR,Equity
DGE.L,DGE,,DIAGEO PLC,London,A,1988-05-03,GBP,Equity
LONN.SW,LONN,,LONZA GROUP AG,Zurich,A,1999-11-01,CHF,Equity
,EUR,,EUR CASH,-,A,,EUR,Cash
RACE.MI,RACE,,FERRARI,Milan,A,2016-01-04,EUR,Equity
SREN.SW,SREN,,SWISS RE AG,Zurich,A,1995-04-03,CHF,Equity
BN.PA,BN,,DANONE SA,Paris,A,1989-01-16,EUR,Equity
ASM.AS,ASM,,ASM INTERNATIONAL NV,Amsterdam,A,1999-01-06,EUR,Equity
SGO.PA,SGO,,COMPAGNIE DE SAINT GOBAIN SA,Paris,A,2000-01-03,EUR,Equity
HOLN.SW,HOLN,,HOLCIM LTD AG,Zurich,A,2001-05-23,CHF,Equity
EOAN.DE,EOAN,,E.ON N,Xetra,A,2000-01-03,EUR,Equity
RKT.L,RKT,,RECKITT BENCKISER GROUP PLC,London,A,1988-07-01,GBP,Equity
HLN.L,HLN,,HALEON PLC,London,A,2022-07-18,GBP,Equity
RWE.DE,RWE,,RWE AG,Xetra,A,1996-12-16,EUR,Equity
DSV.CO,DSV,,DSV,Copenhagen,A,2000-01-21,DKK,Equity
PRY.MI,PRY,,PRYSMIAN,Milan,A,2007-05-03,EUR,Equity
EBS.VI,EBS,,ERSTE GROUP BANK AG,Vienna,A,2000-01-03,EUR,Equity
LR.PA,LR,,LEGRAND SA,Paris,A,2006-04-07,EUR,Equity
SAND.ST,SAND,,SANDVIK,Stockholm,A,2000-01-03,SEK,Equity
SDZ.SW,SDZ,,SANDOZ GROUP AG,Zurich,A,2023-10-03,CHF,Equity
GALD.SW,GALD,,GALDERMA GROUP N AG,Zurich,A,2024-03-21,CHF,Equity
SSE.L,SSE,,SSE PLC,London,A,1991-06-17,GBP,Equity
TSCO.L,TSCO,,TESCO PLC,London,A,1988-07-01,GBP,Equity
ADYEN.AS,ADYEN,,ADYEN,Amsterdam,A,2018-06-13,EUR,Equity
ALC.SW,ALC,,ALCON AG,Zurich,A,2019-04-08,CHF,Equity
SIKA.SW,SIKA,,SIKA AG,Zurich,A,1995-04-03,CHF,Equity
MBG.DE,MBG,,MERCEDES-BENZ GROUP N AG,Xetra,A,1996-10-30,EUR,Equity
ASSA-B.ST,ASSA B,,ASSA ABLOY B,Stockholm,A,2000-01-03,SEK,Equity
ORA.PA,ORA,,ORANGE SA,Paris,A,2000-01-03,EUR,Equity
DANSKE.CO,DANSKE,,DANSKE BANK,Copenhagen,A,2000-11-08,DKK,Equity
EQNR.OL,EQNR,,EQUINOR,Oslo,A,2000-01-03,NOK,Equity
REP.MC,REP,,REPSOL,Madrid,A,2000-01-03,EUR,Equity
III.L,III,,3I GROUP PLC,London,A,1994-07-18,GBP,Equity
EXPN.L,EXPN,,EXPERIAN PLC,London,A,2006-10-09,GBP,Equity
SEB-A.ST,SEB A,,SKANDINAVISKA ENSKILDA BANKEN,Stockholm,A,2000-01-03,SEK,Equity
SWED-A.ST,SWED A,,SWEDBANK,Stockholm,A,2000-01-03,SEK,Equity
PRU.L,PRU,,PRUDENTIAL PLC,London,A,1988-07-01,GBP,Equity
STMMI.MI,STMMI,,STMICROELECTRONICS,Milan,A,1998-06-05,EUR,Equity
VWS.CO,VWS,,VESTAS WIND SYSTEMS,Copenhagen,A,2000-05-10,DKK,Equity
KBC.BR,KBC,,KBC GROEP,Brussels,A,2000-01-04,EUR,Equity
SLHN.SW,SLHN,,SWISS LIFE HOLDING AG,Zurich,A,1995-04-03,CHF,Equity
AD.AS,AD,,KONINKLIJKE AHOLD DELHAIZE,Amsterdam,A,2008-10-24,EUR,Equity
FER.MC,FER,,FERROVIAL NV,Madrid,A,2000-01-03,EUR,Equity
ADS.DE,ADS,,ADIDAS N AG,Xetra,A,1998-06-24,EUR,Equity
GIVN.SW,GIVN,,GIVAUDAN SA,Zurich,A,1999-11-01,CHF,Equity
UCB.BR,UCB,,UCB SA,Brussels,A,2000-01-04,EUR,Equity
MT.AS,MT,,ARCELORMITTAL SA,Amsterdam,A,2005-07-25,EUR,Equity
VOD.L,VOD,,VODAFONE GROUP PLC,London,A,1988-10-25,GBP,Equity
BMPS.MI,BMPS,,BANCA MONTE DEI PASCHI DI SIENA SP,Milan,A,1999-06-25,EUR,Equity
EQT.ST,EQT,,EQT,Stockholm,A,2019-09-24,SEK,Equity
ERIC-B.ST,ERIC B,,ERICSSON B,Stockholm,A,2000-01-03,SEK,Equity
ABN.AS,ABN,,ABN AMRO BANK NV,Amsterdam,A,2015-11-20,EUR,Equity
AV.L,AV.,,AVIVA PLC,London,A,1988-07-01,GBP,Equity
HO.PA,HO,,THALES SA,Paris,A,2000-01-03,EUR,Equity
AMS.MC,AMS,,AMADEUS IT GROUP,Madrid,A,2010-04-29,EUR,Equity
PUB.PA,PUB,,PUBLICIS GROUPE,Paris,A,2000-09-19,EUR,Equity
SAMPO.HE,SAMPO,,SAMPO CLASS A,Helsinki,A,2000-01-03,EUR,Equity
DTG.DE,DTG,,DAIMLER TRUCK HOLDING E AG,Xetra,A,2021-12-10,EUR,Equity
ML.PA,ML,,MICHELIN,Paris,A,2000-01-03,EUR,Equity
DNB.OL,DNB,,DNB BANK,Oslo,A,2000-01-03,NOK,Equity
VIE.PA,VIE,,VEOLIA ENVIRON. SA,Paris,A,2000-07-20,EUR,Equity
PKO.WA,PKO,,POWSZECHNA KASA OSZCZEDNOSCI BANK,Warsaw,A,2004-11-10,PLN,Equity
LDO.MI,LDO,,LEONARDO FINMECCANICA SPA,Milan,A,2005-07-18,EUR,Equity
A5G.IR,A5G,,AIB GROUP PLC,Dublin,A,2000-01-04,EUR,Equity
IMB.L,IMB,,IMPERIAL BRANDS PLC,London,A,1996-10-01,GBP,Equity
ACS.MC,ACS,,ACS ACTIVIDADES DE CONSTRUCCION Y,Madrid,A,2002-01-02,EUR,Equity
BPE.MI,BPE,,BPER BANCA,Milan,A,1995-03-24,EUR,Equity
GEBN.SW,GEBN,,GEBERIT AG,Zurich,A,1998-08-21,CHF,Equity
ACA.PA,ACA,,CREDIT AGRICOLE SA,Paris,A,2001-12-14,EUR,Equity
NSIS-B.CO,NSIS B,,NOVOZYMES B,Copenhagen,A,2000-11-20,DKK,Equity
PKN.WA,PKN,,ORLEN,Warsaw,A,2000-01-03,PLN,Equity
IHG.L,IHG,,INTERCONTINENTAL HOTELS GROUP PLC,London,A,2003-03-31,USD,Equity
SHB-A.ST,SHB A,,SVENSKA HANDELSBANKEN-A SHS,Stockholm,A,2000-01-03,SEK,Equity
NXT.L,NXT,,NEXT PLC,London,A,1988-07-01,GBP,Equity
HEIA.AS,HEIA,,HEINEKEN NV,Amsterdam,A,1995-03-27,EUR,Equity
KNEBV.HE,KNEBV,,KONE,Helsinki,A,2005-06-01,EUR,Equity
HEI.DE,HEI,,HEIDELBERG MATERIALS AG,Xetra,A,1998-07-27,EUR,Equity
MTX.DE,MTX,,MTU AERO ENGINES HOLDING AG,Xetra,A,2005-06-06,EUR,Equity
SAAB-B.ST,SAAB B,,SAAB CLASS B,Stockholm,A,2000-01-03,SEK,Equity
NN.AS,NN,,NN GROUP,Amsterdam,A,2014-07-02,EUR,Equity
AENA.MC,AENA,,AENA SME SA,Madrid,A,2015-02-11,EUR,Equity
BMW.DE,BMW,,BMW,Xetra,A,1996-11-08,EUR,Equity
HEXA-B.ST,HEXA B,,HEXAGON CLASS B,Stockholm,A,2000-01-03,SEK,Equity
FRE.DE,FRE,,FRESENIUS N,Xetra,A,1998-11-09,EUR,Equity
PHIA.AS,PHIA,,KONINKLIJKE PHILIPS,Amsterdam,A,1995-03-27,EUR,Equity
CAP.PA,CAP,,CAPGEMINI,Paris,A,2000-01-03,EUR,Equity
BAMI.MI,BAMI,,BANCO BPM,Milan,A,2000-01-03,EUR,Equity
LGEN.L,LGEN,,LEGAL AND GENERAL GROUP PLC,London,A,1988-07-01,GBP,Equity
RYA.IR,RYA,,RYANAIR HOLDINGS PLC,Dublin,A,2001-12-07,EUR,Equity
CBK.DE,CBK,,COMMERZBANK AG,Xetra,A,1996-12-16,EUR,Equity
GMAB.CO,GMAB,,GENMAB,Copenhagen,A,2000-10-20,DKK,Equity
SAB.MC,SAB,,BANCO DE SABADELL,Madrid,A,2000-01-03,EUR,Equity
MRK.DE,MRK,,MERCK,Xetra,A,1998-06-26,EUR,Equity
VACN.SW,VACN,,VAT GROUP AG,Zurich,A,2016-04-14,CHF,Equity
KER.PA,KER,,KERING SA,Paris,A,2000-01-03,EUR,Equity
SCMN.SW,SCMN,,SWISSCOM AG,Zurich,A,1998-10-05,CHF,Equity
,GBP,,GBP CASH,-,A,,GBP,Cash
HBAN.SW,HBAN,,HELVETIA BALOISE HOLDING N AG,Zurich,A,1996-08-05,CHF,Equity
PGHN.SW,PGHN,,PARTNERS GROUP HOLDING AG,Zurich,A,2006-03-24,CHF,Equity
BIRG.IR,BIRG,,BANK OF IRELAND GROUP PLC,Dublin,A,2001-07-13,EUR,Equity
SGSN.SW,SGSN,,SGS SA,Zurich,A,1995-04-03,CHF,Equity
ANTO.L,ANTO,,ANTOFAGASTA PLC,London,A,1988-07-01,GBP,Equity
UMG.AS,UMG,,UNIVERSAL MUSIC GROUP,Amsterdam,A,2021-09-21,EUR,Equity
DSY.PA,DSY,,DASSAULT SYSTEMES,Paris,A,2000-01-03,EUR,Equity
BAER.SW,BAER,,JULIUS BAER GRUPPE AG,Zurich,A,1995-04-03,CHF,Equity
WKL.AS,WKL,,WOLTERS KLUWER,Amsterdam,A,1995-03-27,EUR,Equity
BESI.AS,BESI,,BE SEMICONDUCTOR INDUSTRIES NV,Amsterdam,A,1998-07-20,EUR,Equity
HLMA.L,HLMA,,HALMA PLC,London,A,1988-07-01,GBP,Equity
DSFIR.AS,DSFIR,,DSM FIRMENICH AG,Amsterdam,A,2023-04-18,EUR,Equity
KPN.AS,KPN,,KONINKLIJKE KPN NV,Amsterdam,A,1995-03-27,EUR,Equity
KRX.IR,KRX,,KINGSPAN GROUP PLC,Dublin,A,2000-01-04,EUR,Equity
VOW3.DE,VOW3,,VOLKSWAGEN NON-VOTING PREF AG,Xetra,A,1998-07-22,EUR,Equity
BT-A.L,BT.A,,BT GROUP PLC,London,A,1988-07-01,GBP,Equity
VNA.DE,VNA,,VONOVIA SE,Xetra,A,2013-07-11,EUR,Equity
EPI-A.ST,EPI A,,EPIROC CLASS A,Stockholm,A,2018-06-18,SEK,Equity
SHL.DE,SHL,,SIEMENS HEALTHINEERS AG,Xetra,A,2018-04-12,EUR,Equity
HNR1.DE,HNR1,,HANNOVER RUECK,Xetra,A,2000-10-23,EUR,Equity
FBK.MI,FBK,,FINECOBANK BANCA FINECO,Milan,A,2014-07-02,EUR,Equity
ALFA.ST,ALFA,,ALFA LAVAL,Stockholm,A,2002-05-17,SEK,Equity
WRT1V.HE,WRT1V,,WARTSILA,Helsinki,A,2000-01-03,EUR,Equity
TRN.MI,TRN,,TERNA RETE ELETTRICA NAZIONALE,Milan,A,2004-06-23,EUR,Equity
ESSITY-B.ST,ESSITY B,,ESSITY CLASS B,Stockholm,A,2017-06-15,SEK,Equity
SGRO.L,SGRO,,SEGRO REIT PLC,London,A,1988-07-01,GBP,Equity
NESTE.HE,NESTE,,NESTE,Helsinki,A,2005-04-18,EUR,Equity
EDP.LS,EDP,,EDP ENERGIAS DE PORTUGAL,Lisbon,A,2000-01-03,EUR,Equity
BOL.ST,BOL,,BOLIDEN,Stockholm,A,2001-12-05,SEK,Equity
TEF.MC,TEF,,TELEFONICA SA,Madrid,A,2000-01-03,EUR,Equity
INF.L,INF,,INFORMA PLC,London,A,1998-12-22,GBP,Equity
RI.PA,RI,,PERNOD RICARD SA,Paris,A,2000-01-03,EUR,Equity
BG.VI,BG,,BAWAG GROUP AG,Vienna,A,2017-10-25,EUR,Equity
ELE.MC,ELE,,ENDESA SA,Madrid,A,2000-01-03,EUR,Equity
SOON.SW,SOON,,SONOVA HOLDING AG,Zurich,A,2001-09-24,CHF,Equity
KRZ.IR,KRZ,,KERRY GROUP PLC,Dublin,A,2000-01-04,EUR,Equity
KOG.OL,KOG,,KONGSBERG GRUPPEN,Oslo,A,2000-01-03,NOK,Equity
TIT.MI,TIT,,TELECOM ITALIA,Milan,A,1987-02-12,EUR,Equity
CLNX.MC,CLNX,,CELLNEX TELECOM,Madrid,A,2015-05-07,EUR,Equity
ENX.PA,ENX,,EURONEXT NV,Paris,A,2014-06-20,EUR,Equity
EN.PA,EN,,BOUYGUES SA,Paris,A,1991-01-07,EUR,Equity
STMN.SW,STMN,,STRAUMANN HOLDING AG,Zurich,A,1998-07-17,CHF,Equity
UPM.HE,UPM,,UPM-KYMMENE,Helsinki,A,2000-01-03,EUR,Equity
PST.MI,PST,,POSTE ITALIANE,Milan,A,2015-10-27,EUR,Equity
UU.L,UU.,,UNITED UTILITIES GROUP PLC,London,A,1989-12-11,GBP,Equity
KNIN.SW,KNIN,,KUEHNE UND NAGEL INTERNATIONAL AG,Zurich,A,2000-05-22,CHF,Equity
SGE.L,SGE,,THE SAGE GROUP,London,A,1989-12-13,GBP,Equity
IAG.L,IAG,,INTERNATIONAL AIRLINES GROUP,London,A,2003-01-02,GBP,Equity
SRG.MI,SRG,,SNAM,Milan,A,2001-12-06,EUR,Equity
SY1.DE,SY1,,SYMRISE AG,Xetra,A,2006-12-11,EUR,Equity
ADM.L,ADM,,ADMIRAL GROUP PLC,London,A,2004-09-23,GBP,Equity
LOGN.SW,LOGN,,LOGITECH INTERNATIONAL,Zurich,A,1995-04-03,CHF,Equity
SCHP.SW,SCHP,,SCHINDLER HOLDING PAR AG,Zurich,A,1995-04-05,CHF,Equity
HEN3.DE,HEN3,,HENKEL & KGAA PREF AG,Xetra,A,1998-06-24,EUR,Equity
FGR.PA,FGR,,EIFFAGE SA,Paris,A,2000-01-03,EUR,Equity
URW.PA,URW,,UNIBAIL RODAMCO WE STAPLED UNITS,Paris,A,2023-04-14,EUR,Equity
AGS.BR,AGS,,AGEAS,Brussels,A,2001-06-18,EUR,Equity
DPLM.L,DPLM,,DIPLOMA PLC,London,A,1988-07-01,GBP,Equity
PEO.WA,PEO,,BANK PEKAO SA,Warsaw,A,2000-01-03,PLN,Equity
KGH.WA,KGH,,KGHM POLSKA MIEDZ SA,Warsaw,A,2000-01-03,PLN,Equity
SPSN.SW,SPSN,,SWISS PRIME SITE AG,Zurich,A,2000-01-04,CHF,Equity
CCH.L,CCH,,COCA COLA HBC AG,London,A,2013-04-29,GBP,Equity
UNI.MI,UNI,,UNIPOL ASSICURAZIONI SPA,Milan,A,1991-01-08,EUR,Equity
METSO.HE,METSO,,METSO CORPORATION,Helsinki,A,2006-10-10,EUR,Equity
ITRK.L,ITRK,,INTERTEK GROUP PLC,London,A,2002-05-24,GBP,Equity
SN.L,SN.,,SMITH AND NEPHEW PLC,London,A,1988-07-01,GBP,Equity
NHY.OL,NHY,,NORSK HYDRO,Oslo,A,2000-01-03,NOK,Equity
CARL-B.CO,CARL B,,CARLSBERG AS CL B,Copenhagen,A,2000-01-03,DKK,Equity
NTGY.MC,NTGY,,NATURGY ENERGY GROUP SA,Madrid,A,2000-01-03,EUR,Equity
BKT.MC,BKT,,BANKINTER SA,Madrid,A,2000-01-03,EUR,Equity
BNZL.L,BNZL,,BUNZL,London,A,1988-07-01,GBP,Equity
MONC.MI,MONC,,MONCLER,Milan,A,2013-12-16,EUR,Equity
AKZA.AS,AKZA,,AKZO NOBEL,Amsterdam,A,1995-03-27,EUR,Equity
AKRBP.OL,AKRBP,,AKER BP,Oslo,A,2009-01-09,NOK,Equity
OMV.VI,OMV,,OMV,Vienna,A,2000-01-03,EUR,Equity
CA.PA,CA,,CARREFOUR SA,Paris,A,2000-01-03,EUR,Equity
ASRNL.AS,ASRNL,,ASR NEDERLAND,Amsterdam,A,2016-06-10,EUR,Equity
SOBI.ST,SOBI,,SWEDISH ORPHAN BIOVITRUM,Stockholm,A,2006-09-15,SEK,Equity
SMIN.L,SMIN,,SMITHS GROUP PLC,London,A,1988-07-01,GBP,Equity
ALE.WA,ALE,,ALLEGRO SA,Warsaw,A,2020-10-13,PLN,Equity
BCP.LS,BCP,,BANCO COMERCIAL PORTUGUES SA,Lisbon,A,2000-01-03,EUR,Equity
BVI.PA,BVI,,BUREAU VERITAS SA,Paris,A,2007-10-24,EUR,Equity
RTO.L,RTO,,RENTOKIL INITIAL PLC,London,A,1988-07-01,GBP,Equity
AGN.AS,AGN,,AEGON,Amsterdam,A,1995-03-27,EUR,Equity
LISP.SW,LISP,,CHOCOLADEFABRIKEN LINDT & SPRUENGL,Zurich,A,1995-04-03,CHF,Equity
G1A.DE,G1A,,GEA GROUP AG,Xetra,A,2000-01-03,EUR,Equity
EVO.ST,EVO,,EVOLUTION,Stockholm,A,2015-03-20,SEK,Equity
MAERSK-B.CO,MAERSK B,,A P MOLLER MAERSK B,Copenhagen,A,2000-01-03,DKK,Equity
PZU.WA,PZU,,PZU SA,Warsaw,A,2010-05-11,PLN,Equity
AC.PA,AC,,ACCOR SA,Paris,A,2000-01-03,EUR,Equity
TELIA.ST,TELIA,,TELIA COMPANY,Stockholm,A,2000-06-13,SEK,Equity
STLAM.MI,STLAM,,STELLANTIS,Milan,A,2000-01-03,EUR,Equity
SVT.L,SVT,,SEVERN TRENT PLC,London,A,1989-12-11,GBP,Equity
MNG.L,MNG,,M&G PLC,London,A,2019-10-21,GBP,Equity
BEZ.L,BEZ,,BEAZLEY PLC,London,A,2002-11-12,GBP,Equity
FORTUM.HE,FORTUM,,FORTUM,Helsinki,A,2000-01-03,EUR,Equity
IMI.L,IMI,,IMI PLC,London,A,1988-07-01,GBP,Equity
ORNBV.HE,ORNBV,,ORION CLASS B,Helsinki,A,2004-10-07,EUR,Equity
WISE.L,WISE,,WISE PLC CLASS A,London,A,2021-07-07,GBP,Equity
MKS.L,MKS,,MARKS AND SPENCER GROUP PLC,London,A,1988-07-01,GBP,Equity
COLO-B.CO,COLO B,,COLOPLAST B,Copenhagen,A,2000-01-02,DKK,Equity
PSON.L,PSON,,PEARSON PLC,London,A,1988-07-01,GBP,Equity
SDLF.L,SDLF,,STANDARD LIFE PLC,London,A,2009-11-17,GBP,Equity
WEIR.L,WEIR,,WEIR PLC,London,A,1988-07-01,GBP,Equity
GALP.LS,GALP,,GALP ENERGIA SGPS SA CLASS B,Lisbon,A,2006-10-24,EUR,Equity
MICC.AS,MICC,,MAGNUM ICE CREAM,Amsterdam,A,2025-12-08,EUR,Equity
LI.PA,LI,,KLEPIERRE REIT SA,Paris,A,1992-07-09,EUR,Equity
CNA.L,CNA,,CENTRICA PLC,London,A,1997-02-17,GBP,Equity
ORSTED.CO,ORSTED,,ORSTED A/S,Copenhagen,A,2016-06-09,DKK,Equity
ERF.PA,ERF,,EUROFINS SCIENTIFIC,Paris,A,1997-10-27,EUR,Equity
BEAN.SW,BEAN,,BELIMO N AG,Zurich,A,1996-08-02,CHF,Equity
INDU-C.ST,INDU C,,INDUSTRIVARDEN SERIES,Stockholm,A,2000-01-03,SEK,Equity
SKA-B.ST,SKA B,,SKANSKA B,Stockholm,A,2000-01-03,SEK,Equity
TEL2-B.ST,TEL2 B,,TELE2 B,Stockholm,A,2000-01-03,SEK,Equity
RBI.VI,RBI,,RAIFFEISEN BANK INTERNATIONAL AG,Vienna,A,2005-04-25,EUR,Equity
TEL.OL,TEL,,TELENOR,Oslo,A,2000-12-05,NOK,Equity
QIA.DE,QIA,,QIAGEN,Xetra,A,1998-07-22,EUR,Equity
RXL.PA,RXL,,REXEL SA,Paris,A,2007-04-05,EUR,Equity
FME.DE,FME,,FRESENIUS MEDICAL CARE AG,Xetra,A,1998-07-22,EUR,Equity
SKF-B.ST,SKF B,,SKF B,Stockholm,A,2000-01-03,SEK,Equity
MOWI.OL,MOWI,,MOWI,Oslo,A,2000-01-03,NOK,Equity
ACLN.SW,ACLN,,ACCELLERON N AG,Zurich,A,2022-09-30,CHF,Equity
HEIO.AS,HEIO,,HEINEKEN HOLDING NV,Amsterdam,A,2004-05-04,EUR,Equity
HM-B.ST,HM B,,HENNES & MAURITZ,Stockholm,A,2000-01-03,SEK,Equity
SPIE.PA,SPIE,,SPIE SA,Paris,A,2015-06-10,EUR,Equity
ADDT-B.ST,ADDT B,,ADDTECH CLASS B,Stockholm,A,2000-01-03,SEK,Equity
HOT.DE,HOT,,HOCHTIEF AG,Xetra,A,1998-07-22,EUR,Equity
CON.DE,CON,,CONTINENTAL AG,Xetra,A,1996-12-16,EUR,Equity
STB.OL,STB,,STOREBRAND,Oslo,A,2000-01-03,NOK,Equity
GTT.PA,GTT,,GAZTRANSPORT & TECHNIGAZ SA,Paris,A,2014-02-27,EUR,Equity
TREL-B.ST,TREL B,,TRELLEBORG B,Stockholm,A,2000-01-03,SEK,Equity
PNDORA.CO,PNDORA,,PANDORA,Copenhagen,A,2010-05-10,DKK,Equity
BNR.DE,BNR,,BRENNTAG,Xetra,A,2010-03-29,EUR,Equity
HSX.L,HSX,,HISCOX LTD,London,A,2000-01-04,GBP,Equity
TLX.DE,TLX,,TALANX AG,Xetra,A,2012-10-03,EUR,Equity
TEN.MI,TEN,,TENARIS SA,Milan,A,2002-12-17,EUR,Equity
DHER.DE,DHER,,DELIVERY HERO,Xetra,A,2017-06-30,EUR,Equity
GAW.L,GAW,,GAMES WORKSHOP GROUP PLC,London,A,1994-09-30,GBP,Equity
FRES.L,FRES,,FRESNILLO PLC,London,A,2008-05-09,GBP,Equity
EXO.AS,EXO,,EXOR NV,Amsterdam,A,2022-08-12,EUR,Equity
BEI.DE,BEI,,BEIERSDORF AG,Xetra,A,1998-07-22,EUR,Equity
EBP.WA,EBP,,ERSTE BANK POLSKA SA,Warsaw,A,2001-06-26,PLN,Equity
STJ.L,STJ,,ST JAMESS PLACE PLC,London,A,1990-08-28,GBP,Equity
EDEN.PA,EDEN,,EDENRED,Paris,A,2010-07-01,EUR,Equity
SUBC.OL,SUBC,,SUBSEA,Oslo,A,2000-01-03,NOK,Equity
SDR.L,SDR,,SCHRODERS PLC,London,A,1988-07-01,GBP,Equity
ABF.L,ABF,,ASSOCIATED BRITISH FOODS PLC,London,A,1988-07-01,GBP,Equity
PSPN.SW,PSPN,,PSP SWISS PROPERTY AG,Zurich,A,2001-09-03,CHF,Equity
NKT.CO,NKT,,NKT,Copenhagen,A,2001-04-27,DKK,Equity
LIFCO-B.ST,LIFCO B,,LIFCO CLASS B,Stockholm,A,2014-11-21,SEK,Equity
MRO.L,MRO,,MELROSE INDUSTRIES PLC,London,A,2003-10-28,GBP,Equity
ABVX.PA,ABVX,,ABIVAX SA,Paris,A,2015-06-26,EUR,Equity
ELI.BR,ELI,,ELIA GROUP SA,Brussels,A,2005-06-20,EUR,Equity
SBRY.L,SBRY,,SAINSBURY(J) PLC,London,A,1988-07-01,GBP,Equity
KGF.L,KGF,,KINGFISHER PLC,London,A,1988-07-01,GBP,Equity
ICG.L,ICG,,ICG PLC,London,A,1994-05-25,GBP,Equity
BAB.L,BAB,,BABCOCK INTERNATIONAL GROUP PLC,London,A,1989-08-11,GBP,Equity
ORK.OL,ORK,,ORKLA,Oslo,A,2000-01-03,NOK,Equity
DCC.L,DCC,,DCC ENERGY PLC,London,A,2000-01-04,GBP,Equity
SECU-B.ST,SECU B,,SECURITAS B,Stockholm,A,2000-01-03,SEK,Equity
YAR.OL,YAR,,YARA INTERNATIONAL,Oslo,A,2004-03-24,NOK,Equity
TRYG.CO,TRYG,,TRYG,Copenhagen,A,2005-10-14,DKK,Equity
KBX.DE,KBX,,KNORR BREMSE AG,Xetra,A,2018-10-12,EUR,Equity
AED.BR,AED,,AEDIFICA NV,Brussels,A,2006-10-23,EUR,Equity
KCR.HE,KCR,,KONECRANES,Helsinki,A,2000-01-03,EUR,Equity
SPX.L,SPX,,SPIRAX GROUP PLC,London,A,1988-07-01,GBP,Equity
IDR.MC,IDR,,INDRA SISTEMAS SA,Madrid,A,2000-10-03,EUR,Equity
LTMC.MI,LTMC,,LOTTOMATICA GROUP,Milan,A,2023-05-03,EUR,Equity
SPM.MI,SPM,,SAIPEM,Milan,A,1987-02-02,EUR,Equity
UHR.SW,UHR,,THE SWATCH GROUP AG,Zurich,A,1998-07-17,CHF,Equity
LPP.WA,LPP,,LPP SA,Warsaw,A,2001-05-16,PLN,Equity
TKA.DE,TKA,,THYSSENKRUPP AG,Xetra,A,1999-03-26,EUR,Equity
SRT3.DE,SRT3,,SARTORIUS PREF AG,Xetra,A,1999-04-28,EUR,Equity
IPN.PA,IPN,,IPSEN SA,Paris,A,2005-12-07,EUR,Equity
KESKOB.HE,KESKOB,,KESKO CLASS B,Helsinki,A,2000-01-03,EUR,Equity
ALSYDB.CO,ALSYDB,,AL SYDBANK,Copenhagen,A,2000-01-02,DKK,Equity
SCA-B.ST,SCA B,,SVENSKA CELLULOSA B,Stockholm,A,2000-01-03,SEK,Equity
RILBA.CO,RILBA,,RINGKJOBING LANDBOBANK,Copenhagen,A,2001-01-08,DKK,Equity
LAND.L,LAND,,LAND SECURITIES GROUP REIT PLC,London,A,1988-07-01,GBP,Equity
JYSK.CO,JYSK,,JYSKE BANK,Copenhagen,A,2004-10-04,DKK,Equity
RNO.PA,RNO,,RENAULT SA,Paris,A,2000-01-03,EUR,Equity
G24.DE,G24,,SCOUT24 N,Xetra,A,2015-10-01,EUR,Equity
ACKB.BR,ACKB,,ACKERMANS & VAN HAAREN NV,Brussels,A,2000-01-04,EUR,Equity
MRL.MC,MRL,,MERLIN PROPERTIES REIT,Madrid,A,2014-06-30,EUR,Equity
FRO.OL,FRO,,FRONTLINE PLC,Oslo,A,2000-01-03,NOK,Equity
REC.MI,REC,,RECORDATI INDUSTRIA CHIMICA E FARM,Milan,A,1995-03-24,EUR,Equity
AMUN.PA,AMUN,,AMUNDI SA,Paris,A,2015-11-12,EUR,Equity
STERV.HE,STERV,,STORA ENSO CLASS R,Helsinki,A,2000-01-03,EUR,Equity
AM.PA,AM,,DASSAULT AVIATION SA,Paris,A,2000-01-03,EUR,Equity
SAVE.ST,SAVE,,NORDNET,Stockholm,A,2020-11-25,SEK,Equity
SYENS.BR,SYENS,,SYENSQO NV,Brussels,A,2023-12-11,EUR,Equity
ALO.PA,ALO,,ALSTOM SA,Paris,A,2005-08-03,EUR,Equity
GET.PA,GET,,GETLINK,Paris,A,2007-07-02,EUR,Equity
INDT.ST,INDT,,INDUTRADE,Stockholm,A,2005-10-05,SEK,Equity
IG.MI,IG,,ITALGAS,Milan,A,2016-11-07,EUR,Equity
NEX.PA,NEX,,NEXANS SA,Paris,A,2001-06-13,EUR,Equity
EMSN.SW,EMSN,,EMS-CHEMIE HOLDING AG,Zurich,A,2003-12-01,CHF,Equity
ELISA.HE,ELISA,,ELISA,Helsinki,A,2000-01-03,EUR,Equity
IMCD.AS,IMCD,,IMCD NV,Amsterdam,A,2014-06-27,EUR,Equity
DIM.PA,DIM,,SARTORIUS STEDIM BIOTECH SA,Paris,A,2000-01-03,EUR,Equity
ISS.CO,ISS,,ISS A S,Copenhagen,A,2014-03-13,DKK,Equity
SSAB-B.ST,SSAB B,,SSAB CLASS B,Stockholm,A,2000-01-03,SEK,Equity
GBLB.BR,GBLB,,GROUPE BRUXELLES LAMBERT NV,Brussels,A,2001-04-27,EUR,Equity
,USD,,USD CASH,-,A,,USD,Cash
ZAL.DE,ZAL,,ZALANDO,Xetra,A,2014-10-01,EUR,Equity
IGG.L,IGG,,IG GROUP HOLDINGS PLC,London,A,2005-04-28,GBP,Equity
LOTB.BR,LOTB,,LOTUS BAKERIES NV,Brussels,A,2000-01-04,EUR,Equity
AUTO.L,AUTO,,AUTOTRADER GROUP PLC,London,A,2015-03-19,GBP,Equity
HAG.DE,HAG,,HENSOLDT AG,Xetra,A,2020-09-25,EUR,Equity
SQN.SW,SQN,,SWISSQUOTE GROUP HOLDING SA,Zurich,A,2000-05-29,CHF,Equity
BBY.L,BBY,,BALFOUR BEATTY PLC,London,A,1988-07-01,GBP,Equity
BGEO.L,BGEO,,LION FINANCE GROUP PLC,London,A,2006-11-24,GBP,Equity
BMED.MI,BMED,,BANCA MEDIOLANUM,Milan,A,2000-01-03,EUR,Equity
CTEC.L,CTEC,,CONVATEC GROUP PLC,London,A,2016-10-26,GBP,Equity
EVK.DE,EVK,,EVONIK INDUSTRIES AG,Xetra,A,2013-07-08,EUR,Equity
ANA.MC,ANA,,ACCIONA,Madrid,A,2000-01-03,EUR,Equity
SCR.PA,SCR,,SCOR,Paris,A,2000-01-03,EUR,Equity
BTRW.L,BTRW,,BARRATT REDROW PLC,London,A,1988-07-01,GBP,Equity
BLND.L,BLND,,BRITISH LAND REIT PLC,London,A,1988-07-01,GBP,Equity
,MSIFT,,CASH COLLATERAL EUR MSIFT,-,A,,EUR,Cash Collateral and Margins
ANDR.VI,ANDR,,ANDRITZ AG,Vienna,A,2001-06-25,EUR,Equity
GJF.OL,GJF,,GJENSIDIGE FORSIKRING,Oslo,A,2010-12-10,NOK,Equity
NIBE-B.ST,NIBE B,,NIBE INDUSTRIER CLASS B,Stockholm,A,2000-01-03,SEK,Equity
HWDN.L,HWDN,,HOWDEN JOINERY GROUP PLC,London,A,1992-07-16,GBP,Equity
LMP.L,LMP,,LONDONMETRIC PROPERTY REIT PLC,London,A,2007-11-07,GBP,Equity
ABDN.L,ABDN,,ABERDEEN GROUP PLC,London,A,2006-07-10,GBP,Equity
CRDA.L,CRDA,,CRODA INTERNATIONAL PLC,London,A,1988-07-01,GBP,Equity
AVOL.SW,AVOL,,AVOLTA AG,Zurich,A,2005-12-06,CHF,Equity
WTB.L,WTB,,WHITBREAD PLC,London,A,1988-07-01,GBP,Equity
VOE.VI,VOE,,VOESTALPINE AG,Vienna,A,2000-01-03,EUR,Equity
JMT.LS,JMT,,JERONIMO MARTINS SA,Lisbon,A,2000-01-03,EUR,Equity
GETI-B.ST,GETI B,,GETINGE B,Stockholm,A,2000-01-03,SEK,Equity
P911.DE,P911,,DR ING HC F PORSCHE PRF AG,Xetra,A,2022-09-30,EUR,Equity
BEIJ-B.ST,BEIJ B,,BEIJER REF CLASS B,Stockholm,A,2000-01-03,SEK,Equity
FHZN.SW,FHZN,,FLUGHAFEN ZUERICH AG,Zurich,A,2000-04-17,CHF,Equity
LHA.DE,LHA,,DEUTSCHE LUFTHANSA AG,Xetra,A,1996-12-16,EUR,Equity
SW.PA,SW,,SODEXO SA,Paris,A,2000-01-03,EUR,Equity
NDX1.DE,NDX1,,NORDEX,Xetra,A,2001-04-05,EUR,Equity
WDP.BR,WDP,,WAREHOUSES DE PAUW NV,Brussels,A,2001-10-09,EUR,Equity
SBMO.AS,SBMO,,SBM OFFSHORE,Amsterdam,A,1998-07-20,EUR,Equity
WPP.L,WPP,,WPP PLC,London,A,1995-03-24,GBP,Equity
SB1NO.OL,SB1NO,,SPAREBANK SR-NORGE,Oslo,A,2000-01-03,NOK,Equity
UMI.BR,UMI,,UMICORE SA,Brussels,A,2000-01-04,EUR,Equity
AZA.ST,AZA,,AVANZA BANK HOLDING,Stockholm,A,2000-01-03,SEK,Equity
NDA.DE,NDA,,AURUBIS AG,Xetra,A,1998-11-09,EUR,Equity
PAH3.DE,PAH3,,PORSCHE AUTOMOBIL HOLDING PREF,Xetra,A,2009-01-28,EUR,Equity
GALE.SW,GALE,,GALENICA AG,Zurich,A,2017-04-07,CHF,Equity
TPRO.MI,TPRO,,TECHNOPROBE SPA,Milan,A,2022-02-15,EUR,Equity
RMV.L,RMV,,RIGHTMOVE PLC,London,A,2006-03-10,GBP,Equity
BRBY.L,BRBY,,BURBERRY GROUP PLC,London,A,2002-07-12,GBP,Equity
CAST.ST,CAST,,CASTELLUM,Stockholm,A,2000-01-03,SEK,Equity
ROR.L,ROR,,ROTORK PLC,London,A,1988-07-01,GBP,Equity
RED.MC,RED,,REDEIA CORPORACION SA,Madrid,A,2000-01-03,EUR,Equity
MBK.WA,MBK,,MBANK SA,Warsaw,A,2000-01-03,PLN,Equity
EMG.L,EMG,,MAN GROUP PLC,London,A,1994-10-13,GBP,Equity
VAR.OL,VAR,,VAR ENERGI,Oslo,A,2022-02-16,NOK,Equity
PSN.L,PSN,,PERSIMMON PLC,London,A,1988-07-01,GBP,Equity
AIXA.DE,AIXA,,AIXTRON,Xetra,A,1997-11-11,EUR,Equity
EDPR.LS,EDPR,,EDP RENEWABLES SA,Lisbon,A,2008-06-04,EUR,Equity
DIE.BR,DIE,,DIETEREN (D) SA,Brussels,A,2000-01-04,EUR,Equity
AKE.PA,AKE,,ARKEMA SA,Paris,A,2006-05-18,EUR,Equity
TEMN.SW,TEMN,,TEMENOS AG,Zurich,A,2001-06-26,CHF,Equity
BARN.SW,BARN,,BARRY CALLEBAUT AG,Zurich,A,1998-07-17,CHF,Equity
ELIS.PA,ELIS,,ELIS SA,Paris,A,2015-02-11,EUR,Equity
MYCR.ST,MYCR,,MYCRONIC,Stockholm,A,2000-03-10,SEK,Equity
LEG.DE,LEG,,LEG IMMOBILIEN N,Xetra,A,2013-07-08,EUR,Equity
NEM.DE,NEM,,NEMETSCHEK,Xetra,A,1999-03-11,EUR,Equity
ADEN.SW,ADEN,,ADECCO GROUP AG,Zurich,A,1999-05-10,CHF,Equity
BKG.L,BKG,,BERKELEY GROUP HOLDINGS (THE),London,A,1988-07-01,GBP,Equity
SOF.BR,SOF,,SOFINA SA,Brussels,A,2000-01-04,EUR,Equity
AYV.PA,AYV,,AYVENS SA,Paris,A,2017-06-16,EUR,Equity
UNI.MC,UNI,,UNICAJA BANCO SA,Madrid,A,2017-06-30,EUR,Equity
VALMT.HE,VALMT,,VALMET CORP,Helsinki,A,2014-01-01,EUR,Equity
RAND.AS,RAND,,RANDSTAD HOLDING,Amsterdam,A,1995-05-11,EUR,Equity
GF.SW,GF,,GEORG FISCHER AG,Zurich,A,1995-04-03,CHF,Equity
ZAB.WA,ZAB,,ZABKA GROUP SOCIETE ANONYME SA,Warsaw,A,2024-10-17,PLN,Equity
SIGN.SW,SIGN,,SIG GROUP N AG,Zurich,A,2018-09-28,CHF,Equity
INVP.L,INVP,,INVESTEC PLC,London,A,2002-07-22,GBP,Equity
R3NK.DE,R3NK,,RENK GROUP AG,Xetra,A,2024-02-07,EUR,Equity
GL9.IR,GL9,,GLANBIA PLC,Dublin,A,2000-01-04,EUR,Equity
AZM.MI,AZM,,AZIMUT HOLDING,Milan,A,2004-07-07,EUR,Equity
AALB.AS,AALB,,AALBERTS,Amsterdam,A,1998-07-20,EUR,Equity
LUND-B.ST,LUND B,,LUNDBERGFORETAGEN CLASS B,Stockholm,A,2000-01-03,SEK,Equity
MAP.MC,MAP,,MAPFRE SA,Madrid,A,2001-09-17,EUR,Equity
BCVN.SW,BCVN,,BC VAUD N,Zurich,A,2002-12-06,CHF,Equity
TE.PA,TE,,TECHNIP ENERGIES,Paris,A,2021-02-16,EUR,Equity
GFC.PA,GFC,,GECINA SA,Paris,A,1992-07-08,EUR,Equity
INPST.AS,INPST,,INPOST SA,Amsterdam,A,2021-01-27,EUR,Equity
BBOX.L,BBOX,,TRITAX BIG BOX REIT PLC,London,A,2013-12-09,GBP,Equity
CVC.AS,CVC,,CVC CAPITAL PARTNERS PLC,Amsterdam,A,2024-04-26,EUR,Equity
ENG.MC,ENG,,ENAGAS SA,Madrid,A,2002-06-26,EUR,Equity
BGN.MI,BGN,,BANCA GENERALI,Milan,A,2006-11-15,EUR,Equity
CDR.WA,CDR,,CD PROJEKT,Warsaw,A,2000-01-03,PLN,Equity
VER.VI,VER,,VERBUND AG,Vienna,A,2000-01-03,EUR,Equity
VEND.OL,VEND,,VEND MARKETPLACES ASA,Oslo,A,2015-05-29,NOK,Equity
SECT-B.ST,SECT B,,SECTRA CLASS B,Stockholm,A,2004-10-04,SEK,Equity
INCH.L,INCH,,INCHCAPE PLC,London,A,1988-07-01,GBP,Equity
A2A.MI,A2A,,A2A,Milan,A,2000-01-03,EUR,Equity
MNDI.L,MNDI,,MONDI PLC,London,A,2007-06-29,GBP,Equity
TUB.BR,TUB,,FINANCIERE DE TUBIZE SA,Brussels,A,2000-01-04,EUR,Equity
ENT.L,ENT,,ENTAIN PLC,London,A,2004-12-21,GBP,Equity
CCC.L,CCC,,COMPUTACENTER PLC,London,A,1998-05-21,GBP,Equity
LAGR-B.ST,LAGR B,,LAGERCRANTZ GROUP CLASS B,Stockholm,A,2001-09-04,SEK,Equity
BFT.WA,BFT,,BENEFIT SYSTEMS,Warsaw,A,2011-04-26,PLN,Equity
RS1.L,RS1,,RS GROUP PLC,London,A,1988-07-01,GBP,Equity
ALLN.SW,ALLN,,ALLREAL HOLDING AG,Zurich,A,2000-03-03,CHF,Equity
FLS.CO,FLS,,FLSMIDTH AND CO CLASS B,Copenhagen,A,2000-01-02,DKK,Equity
TEP.PA,TEP,,TELEPERFORMANCE,Paris,A,1992-06-01,EUR,Equity
ALK-B.CO,ALK B,,ALK-ABELLO CLASS B,Copenhagen,A,2000-03-10,DKK,Equity
BIM.PA,BIM,,BIOMERIEUX SA,Paris,A,2004-07-07,EUR,Equity
ATS.VI,ATS,,AT & S AUSTRIA TECHNOLOGIE & SYSTE,Vienna,A,2007-11-02,EUR,Equity
DNP.WA,DNP,,DINO POLSKA,Warsaw,A,2017-04-19,PLN,Equity
DEMANT.CO,DEMANT,,DEMANT,Copenhagen,A,2000-05-08,DKK,Equity
MANTA.HE,MANTA,,MANDATUM,Helsinki,A,2023-10-02,EUR,Equity
SALM.OL,SALM,,SALMAR,Oslo,A,2007-05-08,NOK,Equity
ZEG.L,ZEG,,ZEGONA COMMUNICATIONS PLC,London,A,2015-03-19,GBP,Equity
KBCA.BR,KBCA,,KBC ANCORA NV,Brussels,A,2001-04-04,EUR,Equity
EVD.DE,EVD,,CTS EVENTIM AG,Xetra,A,2000-02-02,EUR,Equity
ING.WA,ING,,ING BANK SLASKI SA,Warsaw,A,2000-01-03,PLN,Equity
CPR.MI,CPR,,DAVIDE CAMPARI MILANO NV,Milan,A,2001-07-06,EUR,Equity
TW.L,TW.,,TAYLOR WIMPEY PLC,London,A,1988-07-01,GBP,Equity
SRP.L,SRP,,SERCO GROUP PLC,London,A,1988-07-01,GBP,Equity
OCTV-SDB.ST,OCTV SDB,,OCTAVE INTELLIGENCE SDR PLC,Stockholm,A,2026-05-25,SEK,Equity
BZU.MI,BZU,,BUZZI,Milan,A,1987-07-01,EUR,Equity
RAA.DE,RAA,,RATIONAL AG,Xetra,A,2000-03-06,EUR,Equity
JMAT.L,JMAT,,JOHNSON MATTHEY PLC,London,A,1988-07-01,GBP,Equity
QQ.L,QQ.,,QINETIQ GROUP PLC,London,A,2006-02-10,GBP,Equity
VK.PA,VK,,VALLOUREC SA,Paris,A,2000-01-03,EUR,Equity
SAGA-B.ST,SAGA B,,SAGAX CLASS B,Stockholm,A,2013-04-08,SEK,Equity
HER.MI,HER,,HERA,Milan,A,2003-03-28,EUR,Equity
ARCAD.AS,ARCAD,,ARCADIS NV,Amsterdam,A,1998-07-20,EUR,Equity
LOOMIS.ST,LOOMIS,,LOOMIS CLASS B,Stockholm,A,2008-12-09,SEK,Equity
SFZN.SW,SFZN,,SIEGFRIED HOLDING AG,Zurich,A,1995-04-03,CHF,Equity
AKER.OL,AKER,,AKER,Oslo,A,2000-01-03,NOK,Equity
AAK.ST,AAK,,AAK,Stockholm,A,2005-09-29,SEK,Equity
SOI.PA,SOI,,SOITEC SA,Paris,A,1998-11-13,EUR,Equity
BALD-B.ST,BALD B,,FASTIGHETS BALDER CLASS B,Stockholm,A,2000-01-03,SEK,Equity
HUH1V.HE,HUH1V,,HUHTAMAKI,Helsinki,A,2000-01-03,EUR,Equity
PIRC.MI,PIRC,,PIRELLI & C,Milan,A,2017-10-04,EUR,Equity
IP.MI,IP,,INTERPUMP GROUP,Milan,A,1996-12-16,EUR,Equity
CWK.L,CWK,,CRANSWICK PLC,London,A,1988-07-01,GBP,Equity
ITV.L,ITV,,ITV PLC,London,A,2000-01-04,GBP,Equity
DRX.L,DRX,,DRAX GROUP PLC,London,A,2005-12-15,GBP,Equity
BC.MI,BC,,BRUNELLO CUCINELLI,Milan,A,2012-04-27,EUR,Equity
ACP.WA,ACP,,ASSECO POLAND SA,Warsaw,A,2000-01-03,PLN,Equity
GRF.MC,GRF,,GRIFOLS CLASS A,Madrid,A,2006-05-17,EUR,Equity
PLUS.L,PLUS,,PLUS500,London,A,2013-07-24,GBP,Equity
FNTN.DE,FNTN,,FREENET AG,Xetra,A,2000-01-14,EUR,Equity
TUI1.DE,TUI1,,TUI N AG,Xetra,A,1998-02-06,EUR,Equity
HUBN.SW,HUBN,,HUBER & SUHNER AG,Zurich,A,1995-07-24,CHF,Equity
BC8.DE,BC8,,BECHTLE AG,Xetra,A,2000-01-24,EUR,Equity
FR.PA,FR,,VALEO,Paris,A,2000-01-03,EUR,Equity
RUI.PA,RUI,,RUBIS,Paris,A,2000-01-03,EUR,Equity
TCAP.L,TCAP,,TP ICAP GROUP PLC,London,A,2000-10-24,GBP,Equity
MIL.WA,MIL,,BANK MILLENNIUM SA,Warsaw,A,2000-01-03,PLN,Equity
KGX.DE,KGX,,KION GROUP AG,Xetra,A,2013-07-08,EUR,Equity
FTK.DE,FTK,,FLATEXDEGIRO N,Xetra,A,2010-08-05,EUR,Equity
VSURE.ST,VSURE,,VERISURE PLC,Stockholm,A,,EUR,Equity
ADP.PA,ADP,,AEROPORTS DE PARIS SA,Paris,A,2006-06-19,EUR,Equity
UTG.L,UTG,,UNITE GROUP PLC,London,A,1999-06-01,GBP,Equity
SUNN.SW,SUNN,,SUNRISE N CLASS A LTD,Zurich,A,2024-11-14,CHF,Equity
CSG.AS,CSG,,CSG CLASS A NV,Amsterdam,A,2026-01-23,EUR,Equity
BAMNB.AS,BAMNB,,BAM GROEP KONINKLIJKE NV,Amsterdam,A,2000-12-22,EUR,Equity
HIK.L,HIK,,HIKMA PHARMACEUTICALS PLC,London,A,2005-11-01,GBP,Equity
AG1.DE,AG1,,AUTO1 GROUP,Xetra,A,2021-02-05,EUR,Equity
REY.MI,REY,,REPLY,Milan,A,2000-12-06,EUR,Equity
VZN.SW,VZN,,VZ HOLDING AG,Zurich,A,2007-03-22,CHF,Equity
ACX.MC,ACX,,ACERINOX,Madrid,A,2000-01-03,EUR,Equity
IFCN.SW,IFCN,,INFICON HOLDING AG,Zurich,A,2000-11-09,CHF,Equity
BKW.SW,BKW,,BKW N AG,Zurich,A,2011-12-12,CHF,Equity
BOL.PA,BOL,,BOLLORE,Paris,A,2000-01-03,EUR,Equity
PNN.L,PNN,,PENNON GROUP PLC,London,A,1989-12-11,GBP,Equity
BWY.L,BWY,,BELLWAY PLC,London,A,1988-07-01,GBP,Equity
MTO.L,MTO,,MITIE GROUP PLC,London,A,1988-07-01,GBP,Equity
NEXI.MI,NEXI,,NEXI,Milan,A,2019-04-18,EUR,Equity
TOM.OL,TOM,,TOMRA SYSTEMS,Oslo,A,2000-01-03,NOK,Equity
COV.PA,COV,,COVIVIO SA,Paris,A,2000-01-03,EUR,Equity
AAF.L,AAF,,AIRTEL AFRICA PLC,London,A,2019-06-28,GBP,Equity
SUN.SW,SUN,,SULZER AG LTD,Zurich,A,1995-04-03,CHF,Equity
TEG.DE,TEG,,TAG IMMOBILIEN AG,Xetra,A,2000-10-09,EUR,Equity
COTN.SW,COTN,,COMET HOLDING AG,Zurich,A,2002-12-17,CHF,Equity
ALLFG.AS,ALLFG,,ALLFUNDS GROUP PLC,Amsterdam,A,2021-04-23,EUR,Equity
DLG.MI,DLG,,DELONGHI,Milan,A,2001-07-24,EUR,Equity
IVG.MI,IVG,,IVECO GROUP NV,Milan,A,2022-01-03,EUR,Equity
RBREW.CO,RBREW,,ROYAL UNIBREW,Copenhagen,A,2000-01-03,DKK,Equity
SCYR.MC,SCYR,,SACYR,Madrid,A,2000-01-03,EUR,Equity
VPK.AS,VPK,,KONINKLIJKE VOPAK,Amsterdam,A,1999-11-04,EUR,Equity
ZEAL.CO,ZEAL,,ZEALAND PHARMA,Copenhagen,A,2010-11-23,DKK,Equity
MOBN.SW,MOBN,,MOBIMO HOLDING AG,Zurich,A,2003-08-07,CHF,Equity
FDJU.PA,FDJU,,FDJ UNITED,Paris,A,2019-11-21,EUR,Equity
PUM.DE,PUM,,PUMA,Xetra,A,1996-10-30,EUR,Equity
SOP.PA,SOP,,SOPRA STERIA GROUP,Paris,A,2000-01-03,EUR,Equity
NOD.OL,NOD,,NORDIC SEMICONDUCTOR,Oslo,A,2000-01-03,NOK,Equity
SHC.L,SHC,,SHAFTESBURY CAPITAL PLC,London,A,2007-11-01,GBP,Equity
TGS.OL,TGS,,TGS NOPEC GEOPHYSICAL,Oslo,A,2000-01-03,NOK,Equity
TBCG.L,TBCG,,TBC BANK GROUP PLC,London,A,2016-08-10,GBP,Equity
SBNOR.OL,SBNOR,,SPAREBANKEN NORGE,Oslo,A,2000-01-03,NOK,Equity
VIS.MC,VIS,,VISCOFAN SA,Madrid,A,2000-01-03,EUR,Equity
VATN.SW,VATN,,VALIANT HOLDING AG,Zurich,A,1997-07-14,CHF,Equity
QLT.L,QLT,,QUILTER PLC,London,A,2018-06-25,GBP,Equity
BPT.L,BPT,,BRIDGEPOINT GROUP PLC,London,A,2021-07-21,GBP,Equity
CMBN.SW,CMBN,,CEMBRA MONEY BANK AG,Zurich,A,2013-10-30,CHF,Equity
SWEC-B.ST,SWEC B,,SWECO CLASS B,Stockholm,A,2000-01-03,SEK,Equity
SDF.DE,SDF,,K+S N AG,Xetra,A,1998-11-09,EUR,Equity
WIE.VI,WIE,,WIENERBERGER AG,Vienna,A,2000-01-03,EUR,Equity
HOLM-B.ST,HOLM B,,HOLMEN CLASS B,Stockholm,A,2000-01-03,SEK,Equity
FPE3.DE,FPE3,,FUCHS PREF,Xetra,A,1999-03-16,EUR,Equity
ROCK-B.CO,ROCK B,,ROCKWOOL CLASS B,Copenhagen,A,2000-01-03,DKK,Equity
PHP.L,PHP,,PRIMARY HEALTH PROPERTIES REIT PLC,London,A,1996-03-19,GBP,Equity
LATO-B.ST,LATO B,,LATOUR INVESTMENT CLASS B,Stockholm,A,2000-01-03,SEK,Equity
PAF.L,PAF,,PAN AFRICAN RESOURCES PLC,London,A,2000-05-19,GBP,Equity
SFSN.SW,SFSN,,SFS GROUP AG,Zurich,A,2014-05-07,CHF,Equity
GBF.DE,GBF,,BILFINGER,Xetra,A,1998-07-22,EUR,Equity
HIAB.HE,HIAB,,HIAB CORPORATION CLASS B,Helsinki,A,2005-06-01,EUR,Equity
DKSH.SW,DKSH,,DKSH HOLDING AG,Zurich,A,2012-03-20,CHF,Equity
JD.L,JD.,,JD SPORTS FASHION PLC,London,A,1996-10-22,GBP,Equity
KMAR.OL,KMAR,,KONGSBERG MARITIME,Oslo,A,2026-04-23,NOK,Equity
PUIG.MC,PUIG,,PUIG BRANDS SA CLASS B,Madrid,A,2024-05-03,EUR,Equity
DLN.L,DLN,,DERWENT LONDON REIT PLC,London,A,1988-07-01,GBP,Equity
FRA.DE,FRA,,FRAPORT FRANKFURT AIRPORT SERVICES,Xetra,A,2001-06-11,EUR,Equity
AXFO.ST,AXFO,,AXFOOD,Stockholm,A,2000-02-21,SEK,Equity
TPE.WA,TPE,,TAURON POLSKA ENERGIA,Warsaw,A,2010-06-30,PLN,Equity
HOC.L,HOC,,HOCHSCHILD MINING PLC,London,A,2006-11-03,GBP,Equity
THULE.ST,THULE,,THULE GROUP,Stockholm,A,2014-11-26,SEK,Equity
KTY.WA,KTY,,GRUPA KETY,Warsaw,A,2000-01-03,PLN,Equity
KEMIRA.HE,KEMIRA,,KEMIRA,Helsinki,A,2000-01-03,EUR,Equity
LIGHT.AS,LIGHT,,SIGNIFY,Amsterdam,A,2016-05-27,EUR,Equity
BAKKA.OL,BAKKA,,BAKKAFROST,Oslo,A,2010-03-26,NOK,Equity
AMV0.DE,AMV0,,AUMOVIO N,Xetra,A,2025-09-18,EUR,Equity
BUCN.SW,BUCN,,BUCHER INDUSTRIES AG,Zurich,A,2002-08-12,CHF,Equity
,PLN,,PLN CASH,-,A,,PLN,Cash
WIHL.ST,WIHL,,WIHLBORGS FASTIGHETER,Stockholm,A,2002-06-10,SEK,Equity
,DKK,,DKK CASH,-,A,,DKK,Cash
SESG.PA,SESG,,SES SA FDR,Paris,A,2004-05-05,EUR,Equity
,NOK,,NOK CASH,-,A,,NOK,Cash
,CHF,,CHF CASH,-,A,,CHF,Cash
,SEK,,SEK CASH,-,A,,SEK,Cash
,AUD,,AUD CASH,-,A,,AUD,Cash
,GEL,,GEL CASH(COMMITTED),-,A,,GEL,Cash
,ETD_EUR,,ETD EUR BALANCE WITH R84910,-,A,,EUR,Cash
,GBP,,GBP/EUR,-,A,,EUR,FX
,PLN,,PLN/EUR,-,A,,EUR,FX
,AUD,,AUD/EUR,-,A,,EUR,FX
,DKK,,DKK/EUR,-,A,,EUR,FX
,SXOU6,,STOXX EUROPE 600 SEP 26,Eurex Deutschland,A,,EUR,Futures
